,player_name,p,hypothesis
0,SR Tendulkar,0.9564254884949291,Null
1,V Kohli,0.0005614248808195083,Alternate
2,KC Sangakkara,0.04832616271601413,Alternate
3,MS Dhoni,0.882216258628412,Null
4,RG Sharma,0.13151706801866347,Null
5,AB de Villiers,0.010961616599625116,Alternate
6,TM Dilshan,0.007860172389244953,Alternate
7,LRPL Taylor,0.43619300844148523,Null
8,DPMD Jayawardene,0.13371737980394183,Null
9,Tamim Iqbal,0.014753036498992775,Alternate
